line_name,line_begin,line_end,orderid_a,orderid_b,station_name_a,station_name_b,occur_num,line_num_line_id,num_new_station_id_a,num_new_station_id_b,direction
372路,怡乐南街公交场站,日新路南口,0,2,怡乐南街公交场站,北探小区,1,372,0,2,0
372路,怡乐南街公交场站,日新路南口,0,3,怡乐南街公交场站,新华联家园西门,1,372,0,3,0
372路,怡乐南街公交场站,日新路南口,0,4,怡乐南街公交场站,怡乐中路北口,1,372,0,4,0
372路,怡乐南街公交场站,日新路南口,0,5,怡乐南街公交场站,通州杨庄南口,1,372,0,5,0
372路,怡乐南街公交场站,日新路南口,0,6,怡乐南街公交场站,通州杨庄,1,372,0,6,0
372路,怡乐南街公交场站,日新路南口,0,7,怡乐南街公交场站,新华联锦园,1,372,0,7,0
372路,怡乐南街公交场站,日新路南口,0,8,怡乐南街公交场站,通州杨庄北口,1,372,0,8,0
372路,怡乐南街公交场站,日新路南口,0,9,怡乐南街公交场站,通州北苑路口西,1,372,0,9,0
372路,怡乐南街公交场站,日新路南口,0,10,怡乐南街公交场站,通州北苑路口东,1,372,0,10,0
372路,怡乐南街公交场站,日新路南口,0,11,怡乐南街公交场站,通州西门路口东,1,372,0,11,0
372路,怡乐南街公交场站,日新路南口,0,12,怡乐南街公交场站,西大街路口西,1,372,0,12,0
372路,怡乐南街公交场站,日新路南口,0,13,怡乐南街公交场站,通州佟麟阁大街,1,372,0,13,0
372路,怡乐南街公交场站,日新路南口,0,14,怡乐南街公交场站,潞河医院,1,372,0,14,0
372路,怡乐南街公交场站,日新路南口,0,15,怡乐南街公交场站,果园北,1,372,0,15,0
372路,怡乐南街公交场站,日新路南口,0,16,怡乐南街公交场站,果园东,1,372,0,16,0
372路,怡乐南街公交场站,日新路南口,0,17,怡乐南街公交场站,九棵树,1,372,0,17,0
372路,怡乐南街公交场站,日新路南口,0,18,怡乐南街公交场站,杨家洼,1,372,0,18,0
372路,怡乐南街公交场站,日新路南口,0,19,怡乐南街公交场站,杨家洼路口南,1,372,0,19,0
372路,怡乐南街公交场站,日新路南口,0,20,怡乐南街公交场站,云景东路,1,372,0,20,0
372路,怡乐南街公交场站,日新路南口,0,21,怡乐南街公交场站,云景里,1,372,0,21,0
372路,怡乐南街公交场站,日新路南口,0,22,怡乐南街公交场站,群芳园,1,372,0,22,0
372路,怡乐南街公交场站,日新路南口,0,23,怡乐南街公交场站,大马庄,1,372,0,23,0
372路,怡乐南街公交场站,日新路南口,0,24,怡乐南街公交场站,大马庄南站,1,372,0,24,0
372路,怡乐南街公交场站,日新路南口,0,25,怡乐南街公交场站,地铁万盛东站,1,372,0,25,0
372路,怡乐南街公交场站,日新路南口,0,26,怡乐南街公交场站,曹园逸家小区,1,372,0,26,0
372路,怡乐南街公交场站,日新路南口,1,3,通州半壁店,新华联家园西门,1,372,1,3,0
372路,怡乐南街公交场站,日新路南口,1,4,通州半壁店,怡乐中路北口,1,372,1,4,0
372路,怡乐南街公交场站,日新路南口,1,5,通州半壁店,通州杨庄南口,1,372,1,5,0
372路,怡乐南街公交场站,日新路南口,1,6,通州半壁店,通州杨庄,1,372,1,6,0
372路,怡乐南街公交场站,日新路南口,1,7,通州半壁店,新华联锦园,1,372,1,7,0
372路,怡乐南街公交场站,日新路南口,1,8,通州半壁店,通州杨庄北口,1,372,1,8,0
372路,怡乐南街公交场站,日新路南口,1,9,通州半壁店,通州北苑路口西,1,372,1,9,0
372路,怡乐南街公交场站,日新路南口,1,10,通州半壁店,通州北苑路口东,1,372,1,10,0
372路,怡乐南街公交场站,日新路南口,1,11,通州半壁店,通州西门路口东,1,372,1,11,0
372路,怡乐南街公交场站,日新路南口,1,12,通州半壁店,西大街路口西,1,372,1,12,0
372路,怡乐南街公交场站,日新路南口,1,13,通州半壁店,通州佟麟阁大街,1,372,1,13,0
372路,怡乐南街公交场站,日新路南口,1,14,通州半壁店,潞河医院,1,372,1,14,0
372路,怡乐南街公交场站,日新路南口,1,15,通州半壁店,果园北,1,372,1,15,0
372路,怡乐南街公交场站,日新路南口,1,16,通州半壁店,果园东,1,372,1,16,0
372路,怡乐南街公交场站,日新路南口,1,17,通州半壁店,九棵树,1,372,1,17,0
372路,怡乐南街公交场站,日新路南口,1,18,通州半壁店,杨家洼,1,372,1,18,0
372路,怡乐南街公交场站,日新路南口,1,19,通州半壁店,杨家洼路口南,1,372,1,19,0
372路,怡乐南街公交场站,日新路南口,1,20,通州半壁店,云景东路,1,372,1,20,0
372路,怡乐南街公交场站,日新路南口,1,21,通州半壁店,云景里,1,372,1,21,0
372路,怡乐南街公交场站,日新路南口,1,22,通州半壁店,群芳园,1,372,1,22,0
372路,怡乐南街公交场站,日新路南口,1,23,通州半壁店,大马庄,1,372,1,23,0
372路,怡乐南街公交场站,日新路南口,1,24,通州半壁店,大马庄南站,1,372,1,24,0
372路,怡乐南街公交场站,日新路南口,1,25,通州半壁店,地铁万盛东站,1,372,1,25,0
372路,怡乐南街公交场站,日新路南口,1,26,通州半壁店,曹园逸家小区,1,372,1,26,0
372路,怡乐南街公交场站,日新路南口,2,5,北探小区,通州杨庄南口,1,372,2,5,0
372路,怡乐南街公交场站,日新路南口,2,6,北探小区,通州杨庄,1,372,2,6,0
372路,怡乐南街公交场站,日新路南口,2,7,北探小区,新华联锦园,1,372,2,7,0
372路,怡乐南街公交场站,日新路南口,2,8,北探小区,通州杨庄北口,1,372,2,8,0
372路,怡乐南街公交场站,日新路南口,2,9,北探小区,通州北苑路口西,1,372,2,9,0
372路,怡乐南街公交场站,日新路南口,2,10,北探小区,通州北苑路口东,1,372,2,10,0
372路,怡乐南街公交场站,日新路南口,2,11,北探小区,通州西门路口东,1,372,2,11,0
372路,怡乐南街公交场站,日新路南口,2,12,北探小区,西大街路口西,1,372,2,12,0
372路,怡乐南街公交场站,日新路南口,2,13,北探小区,通州佟麟阁大街,1,372,2,13,0
372路,怡乐南街公交场站,日新路南口,2,14,北探小区,潞河医院,1,372,2,14,0
372路,怡乐南街公交场站,日新路南口,2,15,北探小区,果园北,1,372,2,15,0
372路,怡乐南街公交场站,日新路南口,2,16,北探小区,果园东,1,372,2,16,0
372路,怡乐南街公交场站,日新路南口,2,17,北探小区,九棵树,1,372,2,17,0
372路,怡乐南街公交场站,日新路南口,2,18,北探小区,杨家洼,1,372,2,18,0
372路,怡乐南街公交场站,日新路南口,2,19,北探小区,杨家洼路口南,1,372,2,19,0
372路,怡乐南街公交场站,日新路南口,2,20,北探小区,云景东路,1,372,2,20,0
372路,怡乐南街公交场站,日新路南口,2,21,北探小区,云景里,1,372,2,21,0
372路,怡乐南街公交场站,日新路南口,2,22,北探小区,群芳园,1,372,2,22,0
372路,怡乐南街公交场站,日新路南口,2,23,北探小区,大马庄,1,372,2,23,0
372路,怡乐南街公交场站,日新路南口,2,24,北探小区,大马庄南站,1,372,2,24,0
372路,怡乐南街公交场站,日新路南口,2,25,北探小区,地铁万盛东站,1,372,2,25,0
372路,怡乐南街公交场站,日新路南口,2,26,北探小区,曹园逸家小区,1,372,2,26,0
372路,怡乐南街公交场站,日新路南口,3,5,新华联家园西门,通州杨庄南口,1,372,3,5,0
372路,怡乐南街公交场站,日新路南口,3,6,新华联家园西门,通州杨庄,1,372,3,6,0
372路,怡乐南街公交场站,日新路南口,3,7,新华联家园西门,新华联锦园,1,372,3,7,0
372路,怡乐南街公交场站,日新路南口,3,8,新华联家园西门,通州杨庄北口,1,372,3,8,0
372路,怡乐南街公交场站,日新路南口,3,9,新华联家园西门,通州北苑路口西,1,372,3,9,0
372路,怡乐南街公交场站,日新路南口,3,10,新华联家园西门,通州北苑路口东,1,372,3,10,0
372路,怡乐南街公交场站,日新路南口,3,11,新华联家园西门,通州西门路口东,1,372,3,11,0
372路,怡乐南街公交场站,日新路南口,3,12,新华联家园西门,西大街路口西,1,372,3,12,0
372路,怡乐南街公交场站,日新路南口,3,13,新华联家园西门,通州佟麟阁大街,1,372,3,13,0
372路,怡乐南街公交场站,日新路南口,3,14,新华联家园西门,潞河医院,1,372,3,14,0
372路,怡乐南街公交场站,日新路南口,3,15,新华联家园西门,果园北,1,372,3,15,0
372路,怡乐南街公交场站,日新路南口,3,16,新华联家园西门,果园东,1,372,3,16,0
372路,怡乐南街公交场站,日新路南口,3,17,新华联家园西门,九棵树,1,372,3,17,0
372路,怡乐南街公交场站,日新路南口,3,18,新华联家园西门,杨家洼,1,372,3,18,0
372路,怡乐南街公交场站,日新路南口,3,19,新华联家园西门,杨家洼路口南,1,372,3,19,0
372路,怡乐南街公交场站,日新路南口,3,20,新华联家园西门,云景东路,1,372,3,20,0
372路,怡乐南街公交场站,日新路南口,3,21,新华联家园西门,云景里,1,372,3,21,0
372路,怡乐南街公交场站,日新路南口,3,22,新华联家园西门,群芳园,1,372,3,22,0
372路,怡乐南街公交场站,日新路南口,3,23,新华联家园西门,大马庄,1,372,3,23,0
372路,怡乐南街公交场站,日新路南口,3,24,新华联家园西门,大马庄南站,1,372,3,24,0
372路,怡乐南街公交场站,日新路南口,3,25,新华联家园西门,地铁万盛东站,1,372,3,25,0
372路,怡乐南街公交场站,日新路南口,3,26,新华联家园西门,曹园逸家小区,1,372,3,26,0
372路,怡乐南街公交场站,日新路南口,4,5,怡乐中路北口,通州杨庄南口,1,372,4,5,0
372路,怡乐南街公交场站,日新路南口,4,6,怡乐中路北口,通州杨庄,1,372,4,6,0
372路,怡乐南街公交场站,日新路南口,4,7,怡乐中路北口,新华联锦园,1,372,4,7,0
372路,怡乐南街公交场站,日新路南口,4,8,怡乐中路北口,通州杨庄北口,1,372,4,8,0
372路,怡乐南街公交场站,日新路南口,4,9,怡乐中路北口,通州北苑路口西,1,372,4,9,0
372路,怡乐南街公交场站,日新路南口,4,10,怡乐中路北口,通州北苑路口东,1,372,4,10,0
372路,怡乐南街公交场站,日新路南口,4,11,怡乐中路北口,通州西门路口东,1,372,4,11,0
372路,怡乐南街公交场站,日新路南口,4,12,怡乐中路北口,西大街路口西,1,372,4,12,0
372路,怡乐南街公交场站,日新路南口,4,13,怡乐中路北口,通州佟麟阁大街,1,372,4,13,0
372路,怡乐南街公交场站,日新路南口,4,14,怡乐中路北口,潞河医院,1,372,4,14,0
372路,怡乐南街公交场站,日新路南口,4,15,怡乐中路北口,果园北,1,372,4,15,0
372路,怡乐南街公交场站,日新路南口,4,16,怡乐中路北口,果园东,1,372,4,16,0
372路,怡乐南街公交场站,日新路南口,4,17,怡乐中路北口,九棵树,1,372,4,17,0
372路,怡乐南街公交场站,日新路南口,4,18,怡乐中路北口,杨家洼,1,372,4,18,0
372路,怡乐南街公交场站,日新路南口,4,19,怡乐中路北口,杨家洼路口南,1,372,4,19,0
372路,怡乐南街公交场站,日新路南口,4,20,怡乐中路北口,云景东路,1,372,4,20,0
372路,怡乐南街公交场站,日新路南口,4,21,怡乐中路北口,云景里,1,372,4,21,0
372路,怡乐南街公交场站,日新路南口,4,22,怡乐中路北口,群芳园,1,372,4,22,0
372路,怡乐南街公交场站,日新路南口,4,23,怡乐中路北口,大马庄,1,372,4,23,0
372路,怡乐南街公交场站,日新路南口,4,24,怡乐中路北口,大马庄南站,1,372,4,24,0
372路,怡乐南街公交场站,日新路南口,4,25,怡乐中路北口,地铁万盛东站,1,372,4,25,0
372路,怡乐南街公交场站,日新路南口,4,26,怡乐中路北口,曹园逸家小区,1,372,4,26,0
372路,怡乐南街公交场站,日新路南口,5,10,通州杨庄南口,通州北苑路口东,1,372,5,10,0
372路,怡乐南街公交场站,日新路南口,5,11,通州杨庄南口,通州西门路口东,1,372,5,11,0
372路,怡乐南街公交场站,日新路南口,5,12,通州杨庄南口,西大街路口西,1,372,5,12,0
372路,怡乐南街公交场站,日新路南口,5,13,通州杨庄南口,通州佟麟阁大街,1,372,5,13,0
372路,怡乐南街公交场站,日新路南口,5,14,通州杨庄南口,潞河医院,1,372,5,14,0
372路,怡乐南街公交场站,日新路南口,5,15,通州杨庄南口,果园北,1,372,5,15,0
372路,怡乐南街公交场站,日新路南口,5,16,通州杨庄南口,果园东,1,372,5,16,0
372路,怡乐南街公交场站,日新路南口,5,17,通州杨庄南口,九棵树,1,372,5,17,0
372路,怡乐南街公交场站,日新路南口,5,18,通州杨庄南口,杨家洼,1,372,5,18,0
372路,怡乐南街公交场站,日新路南口,5,19,通州杨庄南口,杨家洼路口南,1,372,5,19,0
372路,怡乐南街公交场站,日新路南口,5,20,通州杨庄南口,云景东路,1,372,5,20,0
372路,怡乐南街公交场站,日新路南口,5,21,通州杨庄南口,云景里,1,372,5,21,0
372路,怡乐南街公交场站,日新路南口,5,22,通州杨庄南口,群芳园,1,372,5,22,0
372路,怡乐南街公交场站,日新路南口,5,23,通州杨庄南口,大马庄,1,372,5,23,0
372路,怡乐南街公交场站,日新路南口,5,24,通州杨庄南口,大马庄南站,1,372,5,24,0
372路,怡乐南街公交场站,日新路南口,5,25,通州杨庄南口,地铁万盛东站,1,372,5,25,0
372路,怡乐南街公交场站,日新路南口,5,26,通州杨庄南口,曹园逸家小区,1,372,5,26,0
372路,怡乐南街公交场站,日新路南口,6,10,通州杨庄,通州北苑路口东,1,372,6,10,0
372路,怡乐南街公交场站,日新路南口,6,11,通州杨庄,通州西门路口东,1,372,6,11,0
372路,怡乐南街公交场站,日新路南口,6,12,通州杨庄,西大街路口西,1,372,6,12,0
372路,怡乐南街公交场站,日新路南口,6,13,通州杨庄,通州佟麟阁大街,1,372,6,13,0
372路,怡乐南街公交场站,日新路南口,6,14,通州杨庄,潞河医院,1,372,6,14,0
372路,怡乐南街公交场站,日新路南口,6,15,通州杨庄,果园北,1,372,6,15,0
372路,怡乐南街公交场站,日新路南口,6,16,通州杨庄,果园东,1,372,6,16,0
372路,怡乐南街公交场站,日新路南口,6,17,通州杨庄,九棵树,1,372,6,17,0
372路,怡乐南街公交场站,日新路南口,6,18,通州杨庄,杨家洼,1,372,6,18,0
372路,怡乐南街公交场站,日新路南口,6,19,通州杨庄,杨家洼路口南,1,372,6,19,0
372路,怡乐南街公交场站,日新路南口,6,20,通州杨庄,云景东路,1,372,6,20,0
372路,怡乐南街公交场站,日新路南口,6,21,通州杨庄,云景里,1,372,6,21,0
372路,怡乐南街公交场站,日新路南口,6,22,通州杨庄,群芳园,1,372,6,22,0
372路,怡乐南街公交场站,日新路南口,6,23,通州杨庄,大马庄,1,372,6,23,0
372路,怡乐南街公交场站,日新路南口,6,24,通州杨庄,大马庄南站,1,372,6,24,0
372路,怡乐南街公交场站,日新路南口,6,25,通州杨庄,地铁万盛东站,1,372,6,25,0
372路,怡乐南街公交场站,日新路南口,6,26,通州杨庄,曹园逸家小区,1,372,6,26,0
372路,怡乐南街公交场站,日新路南口,7,10,新华联锦园,通州北苑路口东,1,372,7,10,0
372路,怡乐南街公交场站,日新路南口,7,11,新华联锦园,通州西门路口东,1,372,7,11,0
372路,怡乐南街公交场站,日新路南口,7,12,新华联锦园,西大街路口西,1,372,7,12,0
372路,怡乐南街公交场站,日新路南口,7,13,新华联锦园,通州佟麟阁大街,1,372,7,13,0
372路,怡乐南街公交场站,日新路南口,7,14,新华联锦园,潞河医院,1,372,7,14,0
372路,怡乐南街公交场站,日新路南口,7,15,新华联锦园,果园北,1,372,7,15,0
372路,怡乐南街公交场站,日新路南口,7,16,新华联锦园,果园东,1,372,7,16,0
372路,怡乐南街公交场站,日新路南口,7,17,新华联锦园,九棵树,1,372,7,17,0
372路,怡乐南街公交场站,日新路南口,7,18,新华联锦园,杨家洼,1,372,7,18,0
372路,怡乐南街公交场站,日新路南口,7,19,新华联锦园,杨家洼路口南,1,372,7,19,0
372路,怡乐南街公交场站,日新路南口,7,20,新华联锦园,云景东路,1,372,7,20,0
372路,怡乐南街公交场站,日新路南口,7,21,新华联锦园,云景里,1,372,7,21,0
372路,怡乐南街公交场站,日新路南口,7,22,新华联锦园,群芳园,1,372,7,22,0
372路,怡乐南街公交场站,日新路南口,7,23,新华联锦园,大马庄,1,372,7,23,0
372路,怡乐南街公交场站,日新路南口,7,24,新华联锦园,大马庄南站,1,372,7,24,0
372路,怡乐南街公交场站,日新路南口,7,25,新华联锦园,地铁万盛东站,1,372,7,25,0
372路,怡乐南街公交场站,日新路南口,7,26,新华联锦园,曹园逸家小区,1,372,7,26,0
372路,怡乐南街公交场站,日新路南口,8,10,通州杨庄北口,通州北苑路口东,1,372,8,10,0
372路,怡乐南街公交场站,日新路南口,8,11,通州杨庄北口,通州西门路口东,1,372,8,11,0
372路,怡乐南街公交场站,日新路南口,8,12,通州杨庄北口,西大街路口西,1,372,8,12,0
372路,怡乐南街公交场站,日新路南口,8,13,通州杨庄北口,通州佟麟阁大街,1,372,8,13,0
372路,怡乐南街公交场站,日新路南口,8,14,通州杨庄北口,潞河医院,1,372,8,14,0
372路,怡乐南街公交场站,日新路南口,8,15,通州杨庄北口,果园北,1,372,8,15,0
372路,怡乐南街公交场站,日新路南口,8,16,通州杨庄北口,果园东,1,372,8,16,0
372路,怡乐南街公交场站,日新路南口,8,17,通州杨庄北口,九棵树,1,372,8,17,0
372路,怡乐南街公交场站,日新路南口,8,18,通州杨庄北口,杨家洼,1,372,8,18,0
372路,怡乐南街公交场站,日新路南口,8,19,通州杨庄北口,杨家洼路口南,1,372,8,19,0
372路,怡乐南街公交场站,日新路南口,8,20,通州杨庄北口,云景东路,1,372,8,20,0
372路,怡乐南街公交场站,日新路南口,8,21,通州杨庄北口,云景里,1,372,8,21,0
372路,怡乐南街公交场站,日新路南口,8,22,通州杨庄北口,群芳园,1,372,8,22,0
372路,怡乐南街公交场站,日新路南口,8,23,通州杨庄北口,大马庄,1,372,8,23,0
372路,怡乐南街公交场站,日新路南口,8,24,通州杨庄北口,大马庄南站,1,372,8,24,0
372路,怡乐南街公交场站,日新路南口,8,25,通州杨庄北口,地铁万盛东站,1,372,8,25,0
372路,怡乐南街公交场站,日新路南口,8,26,通州杨庄北口,曹园逸家小区,1,372,8,26,0
372路,怡乐南街公交场站,日新路南口,9,16,通州北苑路口西,果园东,1,372,9,16,0
372路,怡乐南街公交场站,日新路南口,9,17,通州北苑路口西,九棵树,1,372,9,17,0
372路,怡乐南街公交场站,日新路南口,9,18,通州北苑路口西,杨家洼,1,372,9,18,0
372路,怡乐南街公交场站,日新路南口,9,19,通州北苑路口西,杨家洼路口南,1,372,9,19,0
372路,怡乐南街公交场站,日新路南口,9,20,通州北苑路口西,云景东路,1,372,9,20,0
372路,怡乐南街公交场站,日新路南口,9,21,通州北苑路口西,云景里,1,372,9,21,0
372路,怡乐南街公交场站,日新路南口,9,22,通州北苑路口西,群芳园,1,372,9,22,0
372路,怡乐南街公交场站,日新路南口,9,23,通州北苑路口西,大马庄,1,372,9,23,0
372路,怡乐南街公交场站,日新路南口,9,24,通州北苑路口西,大马庄南站,1,372,9,24,0
372路,怡乐南街公交场站,日新路南口,9,25,通州北苑路口西,地铁万盛东站,1,372,9,25,0
372路,怡乐南街公交场站,日新路南口,9,26,通州北苑路口西,曹园逸家小区,1,372,9,26,0
372路,怡乐南街公交场站,日新路南口,10,16,通州北苑路口东,果园东,1,372,10,16,0
372路,怡乐南街公交场站,日新路南口,10,17,通州北苑路口东,九棵树,1,372,10,17,0
372路,怡乐南街公交场站,日新路南口,10,18,通州北苑路口东,杨家洼,1,372,10,18,0
372路,怡乐南街公交场站,日新路南口,10,19,通州北苑路口东,杨家洼路口南,1,372,10,19,0
372路,怡乐南街公交场站,日新路南口,10,20,通州北苑路口东,云景东路,1,372,10,20,0
372路,怡乐南街公交场站,日新路南口,10,21,通州北苑路口东,云景里,1,372,10,21,0
372路,怡乐南街公交场站,日新路南口,10,22,通州北苑路口东,群芳园,1,372,10,22,0
372路,怡乐南街公交场站,日新路南口,10,23,通州北苑路口东,大马庄,1,372,10,23,0
372路,怡乐南街公交场站,日新路南口,10,24,通州北苑路口东,大马庄南站,1,372,10,24,0
372路,怡乐南街公交场站,日新路南口,10,25,通州北苑路口东,地铁万盛东站,1,372,10,25,0
372路,怡乐南街公交场站,日新路南口,10,26,通州北苑路口东,曹园逸家小区,1,372,10,26,0
372路,怡乐南街公交场站,日新路南口,11,16,通州西门路口东,果园东,1,372,11,16,0
372路,怡乐南街公交场站,日新路南口,11,17,通州西门路口东,九棵树,1,372,11,17,0
372路,怡乐南街公交场站,日新路南口,11,18,通州西门路口东,杨家洼,1,372,11,18,0
372路,怡乐南街公交场站,日新路南口,11,19,通州西门路口东,杨家洼路口南,1,372,11,19,0
372路,怡乐南街公交场站,日新路南口,11,20,通州西门路口东,云景东路,1,372,11,20,0
372路,怡乐南街公交场站,日新路南口,11,21,通州西门路口东,云景里,1,372,11,21,0
372路,怡乐南街公交场站,日新路南口,11,22,通州西门路口东,群芳园,1,372,11,22,0
372路,怡乐南街公交场站,日新路南口,11,23,通州西门路口东,大马庄,1,372,11,23,0
372路,怡乐南街公交场站,日新路南口,11,24,通州西门路口东,大马庄南站,1,372,11,24,0
372路,怡乐南街公交场站,日新路南口,11,25,通州西门路口东,地铁万盛东站,1,372,11,25,0
372路,怡乐南街公交场站,日新路南口,11,26,通州西门路口东,曹园逸家小区,1,372,11,26,0
372路,怡乐南街公交场站,日新路南口,12,16,西大街路口西,果园东,1,372,12,16,0
372路,怡乐南街公交场站,日新路南口,12,17,西大街路口西,九棵树,1,372,12,17,0
372路,怡乐南街公交场站,日新路南口,12,18,西大街路口西,杨家洼,1,372,12,18,0
372路,怡乐南街公交场站,日新路南口,12,19,西大街路口西,杨家洼路口南,1,372,12,19,0
372路,怡乐南街公交场站,日新路南口,12,20,西大街路口西,云景东路,1,372,12,20,0
372路,怡乐南街公交场站,日新路南口,12,21,西大街路口西,云景里,1,372,12,21,0
372路,怡乐南街公交场站,日新路南口,12,22,西大街路口西,群芳园,1,372,12,22,0
372路,怡乐南街公交场站,日新路南口,12,23,西大街路口西,大马庄,1,372,12,23,0
372路,怡乐南街公交场站,日新路南口,12,24,西大街路口西,大马庄南站,1,372,12,24,0
372路,怡乐南街公交场站,日新路南口,12,25,西大街路口西,地铁万盛东站,1,372,12,25,0
372路,怡乐南街公交场站,日新路南口,12,26,西大街路口西,曹园逸家小区,1,372,12,26,0
372路,怡乐南街公交场站,日新路南口,13,16,通州佟麟阁大街,果园东,1,372,13,16,0
372路,怡乐南街公交场站,日新路南口,13,17,通州佟麟阁大街,九棵树,1,372,13,17,0
372路,怡乐南街公交场站,日新路南口,13,18,通州佟麟阁大街,杨家洼,1,372,13,18,0
372路,怡乐南街公交场站,日新路南口,13,19,通州佟麟阁大街,杨家洼路口南,1,372,13,19,0
372路,怡乐南街公交场站,日新路南口,13,20,通州佟麟阁大街,云景东路,1,372,13,20,0
372路,怡乐南街公交场站,日新路南口,13,21,通州佟麟阁大街,云景里,1,372,13,21,0
372路,怡乐南街公交场站,日新路南口,13,22,通州佟麟阁大街,群芳园,1,372,13,22,0
372路,怡乐南街公交场站,日新路南口,13,23,通州佟麟阁大街,大马庄,1,372,13,23,0
372路,怡乐南街公交场站,日新路南口,13,24,通州佟麟阁大街,大马庄南站,1,372,13,24,0
372路,怡乐南街公交场站,日新路南口,13,25,通州佟麟阁大街,地铁万盛东站,1,372,13,25,0
372路,怡乐南街公交场站,日新路南口,13,26,通州佟麟阁大街,曹园逸家小区,1,372,13,26,0
372路,怡乐南街公交场站,日新路南口,14,16,潞河医院,果园东,1,372,14,16,0
372路,怡乐南街公交场站,日新路南口,14,17,潞河医院,九棵树,1,372,14,17,0
372路,怡乐南街公交场站,日新路南口,14,18,潞河医院,杨家洼,1,372,14,18,0
372路,怡乐南街公交场站,日新路南口,14,19,潞河医院,杨家洼路口南,1,372,14,19,0
372路,怡乐南街公交场站,日新路南口,14,20,潞河医院,云景东路,1,372,14,20,0
372路,怡乐南街公交场站,日新路南口,14,21,潞河医院,云景里,1,372,14,21,0
372路,怡乐南街公交场站,日新路南口,14,22,潞河医院,群芳园,1,372,14,22,0
372路,怡乐南街公交场站,日新路南口,14,23,潞河医院,大马庄,1,372,14,23,0
372路,怡乐南街公交场站,日新路南口,14,24,潞河医院,大马庄南站,1,372,14,24,0
372路,怡乐南街公交场站,日新路南口,14,25,潞河医院,地铁万盛东站,1,372,14,25,0
372路,怡乐南街公交场站,日新路南口,14,26,潞河医院,曹园逸家小区,1,372,14,26,0
372路,怡乐南街公交场站,日新路南口,15,16,果园北,果园东,1,372,15,16,0
372路,怡乐南街公交场站,日新路南口,15,17,果园北,九棵树,1,372,15,17,0
372路,怡乐南街公交场站,日新路南口,15,18,果园北,杨家洼,1,372,15,18,0
372路,怡乐南街公交场站,日新路南口,15,19,果园北,杨家洼路口南,1,372,15,19,0
372路,怡乐南街公交场站,日新路南口,15,20,果园北,云景东路,1,372,15,20,0
372路,怡乐南街公交场站,日新路南口,15,21,果园北,云景里,1,372,15,21,0
372路,怡乐南街公交场站,日新路南口,15,22,果园北,群芳园,1,372,15,22,0
372路,怡乐南街公交场站,日新路南口,15,23,果园北,大马庄,1,372,15,23,0
372路,怡乐南街公交场站,日新路南口,15,24,果园北,大马庄南站,1,372,15,24,0
372路,怡乐南街公交场站,日新路南口,15,25,果园北,地铁万盛东站,1,372,15,25,0
372路,怡乐南街公交场站,日新路南口,15,26,果园北,曹园逸家小区,1,372,15,26,0
372路,怡乐南街公交场站,日新路南口,16,17,果园东,九棵树,1,372,16,17,0
372路,怡乐南街公交场站,日新路南口,16,18,果园东,杨家洼,1,372,16,18,0
372路,怡乐南街公交场站,日新路南口,16,19,果园东,杨家洼路口南,1,372,16,19,0
372路,怡乐南街公交场站,日新路南口,16,20,果园东,云景东路,1,372,16,20,0
372路,怡乐南街公交场站,日新路南口,16,21,果园东,云景里,1,372,16,21,0
372路,怡乐南街公交场站,日新路南口,16,22,果园东,群芳园,1,372,16,22,0
372路,怡乐南街公交场站,日新路南口,16,23,果园东,大马庄,1,372,16,23,0
372路,怡乐南街公交场站,日新路南口,16,24,果园东,大马庄南站,1,372,16,24,0
372路,怡乐南街公交场站,日新路南口,16,25,果园东,地铁万盛东站,1,372,16,25,0
372路,怡乐南街公交场站,日新路南口,16,26,果园东,曹园逸家小区,1,372,16,26,0
372路,怡乐南街公交场站,日新路南口,17,24,九棵树,大马庄南站,1,372,17,24,0
372路,怡乐南街公交场站,日新路南口,17,25,九棵树,地铁万盛东站,1,372,17,25,0
372路,怡乐南街公交场站,日新路南口,17,26,九棵树,曹园逸家小区,1,372,17,26,0
372路,怡乐南街公交场站,日新路南口,18,24,杨家洼,大马庄南站,1,372,18,24,0
372路,怡乐南街公交场站,日新路南口,18,25,杨家洼,地铁万盛东站,1,372,18,25,0
372路,怡乐南街公交场站,日新路南口,18,26,杨家洼,曹园逸家小区,1,372,18,26,0
372路,怡乐南街公交场站,日新路南口,19,26,杨家洼路口南,曹园逸家小区,1,372,19,26,0
372路,怡乐南街公交场站,日新路南口,20,26,云景东路,曹园逸家小区,1,372,20,26,0
372路,怡乐南街公交场站,日新路南口,21,26,云景里,曹园逸家小区,1,372,21,26,0
372路,怡乐南街公交场站,日新路南口,22,26,群芳园,曹园逸家小区,1,372,22,26,0
372路,怡乐南街公交场站,日新路南口,23,26,大马庄,曹园逸家小区,1,372,23,26,0
372路,怡乐南街公交场站,日新路南口,24,26,大马庄南站,曹园逸家小区,1,372,24,26,0
372路,日新路南口,怡乐南街公交场站,0,3,日新路南口,大马庄南站,1,372,0,3,1
372路,日新路南口,怡乐南街公交场站,0,4,日新路南口,大马庄,1,372,0,4,1
372路,日新路南口,怡乐南街公交场站,0,5,日新路南口,群芳园,1,372,0,5,1
372路,日新路南口,怡乐南街公交场站,0,6,日新路南口,云景里,1,372,0,6,1
372路,日新路南口,怡乐南街公交场站,0,7,日新路南口,云景东路,1,372,0,7,1
372路,日新路南口,怡乐南街公交场站,0,8,日新路南口,杨家洼路口南,1,372,0,8,1
372路,日新路南口,怡乐南街公交场站,0,9,日新路南口,杨家洼,1,372,0,9,1
372路,日新路南口,怡乐南街公交场站,0,10,日新路南口,九棵树,1,372,0,10,1
372路,日新路南口,怡乐南街公交场站,0,11,日新路南口,果园北,1,372,0,11,1
372路,日新路南口,怡乐南街公交场站,0,12,日新路南口,潞河医院,1,372,0,12,1
372路,日新路南口,怡乐南街公交场站,0,13,日新路南口,通州佟麟阁大街,1,372,0,13,1
372路,日新路南口,怡乐南街公交场站,0,14,日新路南口,西大街路口西,1,372,0,14,1
372路,日新路南口,怡乐南街公交场站,0,15,日新路南口,通州西门路口东,1,372,0,15,1
372路,日新路南口,怡乐南街公交场站,0,16,日新路南口,通州北苑路口东,1,372,0,16,1
372路,日新路南口,怡乐南街公交场站,0,17,日新路南口,通州北苑路口西,1,372,0,17,1
372路,日新路南口,怡乐南街公交场站,0,18,日新路南口,通州杨庄北口,1,372,0,18,1
372路,日新路南口,怡乐南街公交场站,0,19,日新路南口,新华联锦园,1,372,0,19,1
372路,日新路南口,怡乐南街公交场站,0,20,日新路南口,新华联锦园南(临时站),1,372,0,20,1
372路,日新路南口,怡乐南街公交场站,0,21,日新路南口,通州杨庄,1,372,0,21,1
372路,日新路南口,怡乐南街公交场站,0,22,日新路南口,通州杨庄南口,1,372,0,22,1
372路,日新路南口,怡乐南街公交场站,0,23,日新路南口,怡乐中路北口,1,372,0,23,1
372路,日新路南口,怡乐南街公交场站,0,24,日新路南口,新华联家园西门,1,372,0,24,1
372路,日新路南口,怡乐南街公交场站,0,25,日新路南口,北探小区,1,372,0,25,1
372路,日新路南口,怡乐南街公交场站,0,26,日新路南口,通州半壁店,1,372,0,26,1
372路,日新路南口,怡乐南街公交场站,1,3,曹园逸家小区,大马庄南站,1,372,1,3,1
372路,日新路南口,怡乐南街公交场站,1,4,曹园逸家小区,大马庄,1,372,1,4,1
372路,日新路南口,怡乐南街公交场站,1,5,曹园逸家小区,群芳园,1,372,1,5,1
372路,日新路南口,怡乐南街公交场站,1,6,曹园逸家小区,云景里,1,372,1,6,1
372路,日新路南口,怡乐南街公交场站,1,7,曹园逸家小区,云景东路,1,372,1,7,1
372路,日新路南口,怡乐南街公交场站,1,8,曹园逸家小区,杨家洼路口南,1,372,1,8,1
372路,日新路南口,怡乐南街公交场站,1,9,曹园逸家小区,杨家洼,1,372,1,9,1
372路,日新路南口,怡乐南街公交场站,1,10,曹园逸家小区,九棵树,1,372,1,10,1
372路,日新路南口,怡乐南街公交场站,1,11,曹园逸家小区,果园北,1,372,1,11,1
372路,日新路南口,怡乐南街公交场站,1,12,曹园逸家小区,潞河医院,1,372,1,12,1
372路,日新路南口,怡乐南街公交场站,1,13,曹园逸家小区,通州佟麟阁大街,1,372,1,13,1
372路,日新路南口,怡乐南街公交场站,1,14,曹园逸家小区,西大街路口西,1,372,1,14,1
372路,日新路南口,怡乐南街公交场站,1,15,曹园逸家小区,通州西门路口东,1,372,1,15,1
372路,日新路南口,怡乐南街公交场站,1,16,曹园逸家小区,通州北苑路口东,1,372,1,16,1
372路,日新路南口,怡乐南街公交场站,1,17,曹园逸家小区,通州北苑路口西,1,372,1,17,1
372路,日新路南口,怡乐南街公交场站,1,18,曹园逸家小区,通州杨庄北口,1,372,1,18,1
372路,日新路南口,怡乐南街公交场站,1,19,曹园逸家小区,新华联锦园,1,372,1,19,1
372路,日新路南口,怡乐南街公交场站,1,20,曹园逸家小区,新华联锦园南(临时站),1,372,1,20,1
372路,日新路南口,怡乐南街公交场站,1,21,曹园逸家小区,通州杨庄,1,372,1,21,1
372路,日新路南口,怡乐南街公交场站,1,22,曹园逸家小区,通州杨庄南口,1,372,1,22,1
372路,日新路南口,怡乐南街公交场站,1,23,曹园逸家小区,怡乐中路北口,1,372,1,23,1
372路,日新路南口,怡乐南街公交场站,1,24,曹园逸家小区,新华联家园西门,1,372,1,24,1
372路,日新路南口,怡乐南街公交场站,1,25,曹园逸家小区,北探小区,1,372,1,25,1
372路,日新路南口,怡乐南街公交场站,1,26,曹园逸家小区,通州半壁店,1,372,1,26,1
372路,日新路南口,怡乐南街公交场站,2,9,地铁万盛东站,杨家洼,1,372,2,9,1
372路,日新路南口,怡乐南街公交场站,2,10,地铁万盛东站,九棵树,1,372,2,10,1
372路,日新路南口,怡乐南街公交场站,2,11,地铁万盛东站,果园北,1,372,2,11,1
372路,日新路南口,怡乐南街公交场站,2,12,地铁万盛东站,潞河医院,1,372,2,12,1
372路,日新路南口,怡乐南街公交场站,2,13,地铁万盛东站,通州佟麟阁大街,1,372,2,13,1
372路,日新路南口,怡乐南街公交场站,2,14,地铁万盛东站,西大街路口西,1,372,2,14,1
372路,日新路南口,怡乐南街公交场站,2,15,地铁万盛东站,通州西门路口东,1,372,2,15,1
372路,日新路南口,怡乐南街公交场站,2,16,地铁万盛东站,通州北苑路口东,1,372,2,16,1
372路,日新路南口,怡乐南街公交场站,2,17,地铁万盛东站,通州北苑路口西,1,372,2,17,1
372路,日新路南口,怡乐南街公交场站,2,18,地铁万盛东站,通州杨庄北口,1,372,2,18,1
372路,日新路南口,怡乐南街公交场站,2,19,地铁万盛东站,新华联锦园,1,372,2,19,1
372路,日新路南口,怡乐南街公交场站,2,20,地铁万盛东站,新华联锦园南(临时站),1,372,2,20,1
372路,日新路南口,怡乐南街公交场站,2,21,地铁万盛东站,通州杨庄,1,372,2,21,1
372路,日新路南口,怡乐南街公交场站,2,22,地铁万盛东站,通州杨庄南口,1,372,2,22,1
372路,日新路南口,怡乐南街公交场站,2,23,地铁万盛东站,怡乐中路北口,1,372,2,23,1
372路,日新路南口,怡乐南街公交场站,2,24,地铁万盛东站,新华联家园西门,1,372,2,24,1
372路,日新路南口,怡乐南街公交场站,2,25,地铁万盛东站,北探小区,1,372,2,25,1
372路,日新路南口,怡乐南街公交场站,2,26,地铁万盛东站,通州半壁店,1,372,2,26,1
372路,日新路南口,怡乐南街公交场站,3,9,大马庄南站,杨家洼,1,372,3,9,1
372路,日新路南口,怡乐南街公交场站,3,10,大马庄南站,九棵树,1,372,3,10,1
372路,日新路南口,怡乐南街公交场站,3,11,大马庄南站,果园北,1,372,3,11,1
372路,日新路南口,怡乐南街公交场站,3,12,大马庄南站,潞河医院,1,372,3,12,1
372路,日新路南口,怡乐南街公交场站,3,13,大马庄南站,通州佟麟阁大街,1,372,3,13,1
372路,日新路南口,怡乐南街公交场站,3,14,大马庄南站,西大街路口西,1,372,3,14,1
372路,日新路南口,怡乐南街公交场站,3,15,大马庄南站,通州西门路口东,1,372,3,15,1
372路,日新路南口,怡乐南街公交场站,3,16,大马庄南站,通州北苑路口东,1,372,3,16,1
372路,日新路南口,怡乐南街公交场站,3,17,大马庄南站,通州北苑路口西,1,372,3,17,1
372路,日新路南口,怡乐南街公交场站,3,18,大马庄南站,通州杨庄北口,1,372,3,18,1
372路,日新路南口,怡乐南街公交场站,3,19,大马庄南站,新华联锦园,1,372,3,19,1
372路,日新路南口,怡乐南街公交场站,3,20,大马庄南站,新华联锦园南(临时站),1,372,3,20,1
372路,日新路南口,怡乐南街公交场站,3,21,大马庄南站,通州杨庄,1,372,3,21,1
372路,日新路南口,怡乐南街公交场站,3,22,大马庄南站,通州杨庄南口,1,372,3,22,1
372路,日新路南口,怡乐南街公交场站,3,23,大马庄南站,怡乐中路北口,1,372,3,23,1
372路,日新路南口,怡乐南街公交场站,3,24,大马庄南站,新华联家园西门,1,372,3,24,1
372路,日新路南口,怡乐南街公交场站,3,25,大马庄南站,北探小区,1,372,3,25,1
372路,日新路南口,怡乐南街公交场站,3,26,大马庄南站,通州半壁店,1,372,3,26,1
372路,日新路南口,怡乐南街公交场站,4,10,大马庄,九棵树,1,372,4,10,1
372路,日新路南口,怡乐南街公交场站,4,11,大马庄,果园北,1,372,4,11,1
372路,日新路南口,怡乐南街公交场站,4,12,大马庄,潞河医院,1,372,4,12,1
372路,日新路南口,怡乐南街公交场站,4,13,大马庄,通州佟麟阁大街,1,372,4,13,1
372路,日新路南口,怡乐南街公交场站,4,14,大马庄,西大街路口西,1,372,4,14,1
372路,日新路南口,怡乐南街公交场站,4,15,大马庄,通州西门路口东,1,372,4,15,1
372路,日新路南口,怡乐南街公交场站,4,16,大马庄,通州北苑路口东,1,372,4,16,1
372路,日新路南口,怡乐南街公交场站,4,17,大马庄,通州北苑路口西,1,372,4,17,1
372路,日新路南口,怡乐南街公交场站,4,18,大马庄,通州杨庄北口,1,372,4,18,1
372路,日新路南口,怡乐南街公交场站,4,19,大马庄,新华联锦园,1,372,4,19,1
372路,日新路南口,怡乐南街公交场站,4,20,大马庄,新华联锦园南(临时站),1,372,4,20,1
372路,日新路南口,怡乐南街公交场站,4,21,大马庄,通州杨庄,1,372,4,21,1
372路,日新路南口,怡乐南街公交场站,4,22,大马庄,通州杨庄南口,1,372,4,22,1
372路,日新路南口,怡乐南街公交场站,4,23,大马庄,怡乐中路北口,1,372,4,23,1
372路,日新路南口,怡乐南街公交场站,4,24,大马庄,新华联家园西门,1,372,4,24,1
372路,日新路南口,怡乐南街公交场站,4,25,大马庄,北探小区,1,372,4,25,1
372路,日新路南口,怡乐南街公交场站,4,26,大马庄,通州半壁店,1,372,4,26,1
372路,日新路南口,怡乐南街公交场站,5,10,群芳园,九棵树,1,372,5,10,1
372路,日新路南口,怡乐南街公交场站,5,11,群芳园,果园北,1,372,5,11,1
372路,日新路南口,怡乐南街公交场站,5,12,群芳园,潞河医院,1,372,5,12,1
372路,日新路南口,怡乐南街公交场站,5,13,群芳园,通州佟麟阁大街,1,372,5,13,1
372路,日新路南口,怡乐南街公交场站,5,14,群芳园,西大街路口西,1,372,5,14,1
372路,日新路南口,怡乐南街公交场站,5,15,群芳园,通州西门路口东,1,372,5,15,1
372路,日新路南口,怡乐南街公交场站,5,16,群芳园,通州北苑路口东,1,372,5,16,1
372路,日新路南口,怡乐南街公交场站,5,17,群芳园,通州北苑路口西,1,372,5,17,1
372路,日新路南口,怡乐南街公交场站,5,18,群芳园,通州杨庄北口,1,372,5,18,1
372路,日新路南口,怡乐南街公交场站,5,19,群芳园,新华联锦园,1,372,5,19,1
372路,日新路南口,怡乐南街公交场站,5,20,群芳园,新华联锦园南(临时站),1,372,5,20,1
372路,日新路南口,怡乐南街公交场站,5,21,群芳园,通州杨庄,1,372,5,21,1
372路,日新路南口,怡乐南街公交场站,5,22,群芳园,通州杨庄南口,1,372,5,22,1
372路,日新路南口,怡乐南街公交场站,5,23,群芳园,怡乐中路北口,1,372,5,23,1
372路,日新路南口,怡乐南街公交场站,5,24,群芳园,新华联家园西门,1,372,5,24,1
372路,日新路南口,怡乐南街公交场站,5,25,群芳园,北探小区,1,372,5,25,1
372路,日新路南口,怡乐南街公交场站,5,26,群芳园,通州半壁店,1,372,5,26,1
372路,日新路南口,怡乐南街公交场站,6,10,云景里,九棵树,1,372,6,10,1
372路,日新路南口,怡乐南街公交场站,6,11,云景里,果园北,1,372,6,11,1
372路,日新路南口,怡乐南街公交场站,6,12,云景里,潞河医院,1,372,6,12,1
372路,日新路南口,怡乐南街公交场站,6,13,云景里,通州佟麟阁大街,1,372,6,13,1
372路,日新路南口,怡乐南街公交场站,6,14,云景里,西大街路口西,1,372,6,14,1
372路,日新路南口,怡乐南街公交场站,6,15,云景里,通州西门路口东,1,372,6,15,1
372路,日新路南口,怡乐南街公交场站,6,16,云景里,通州北苑路口东,1,372,6,16,1
372路,日新路南口,怡乐南街公交场站,6,17,云景里,通州北苑路口西,1,372,6,17,1
372路,日新路南口,怡乐南街公交场站,6,18,云景里,通州杨庄北口,1,372,6,18,1
372路,日新路南口,怡乐南街公交场站,6,19,云景里,新华联锦园,1,372,6,19,1
372路,日新路南口,怡乐南街公交场站,6,20,云景里,新华联锦园南(临时站),1,372,6,20,1
372路,日新路南口,怡乐南街公交场站,6,21,云景里,通州杨庄,1,372,6,21,1
372路,日新路南口,怡乐南街公交场站,6,22,云景里,通州杨庄南口,1,372,6,22,1
372路,日新路南口,怡乐南街公交场站,6,23,云景里,怡乐中路北口,1,372,6,23,1
372路,日新路南口,怡乐南街公交场站,6,24,云景里,新华联家园西门,1,372,6,24,1
372路,日新路南口,怡乐南街公交场站,6,25,云景里,北探小区,1,372,6,25,1
372路,日新路南口,怡乐南街公交场站,6,26,云景里,通州半壁店,1,372,6,26,1
372路,日新路南口,怡乐南街公交场站,7,10,云景东路,九棵树,1,372,7,10,1
372路,日新路南口,怡乐南街公交场站,7,11,云景东路,果园北,1,372,7,11,1
372路,日新路南口,怡乐南街公交场站,7,12,云景东路,潞河医院,1,372,7,12,1
372路,日新路南口,怡乐南街公交场站,7,13,云景东路,通州佟麟阁大街,1,372,7,13,1
372路,日新路南口,怡乐南街公交场站,7,14,云景东路,西大街路口西,1,372,7,14,1
372路,日新路南口,怡乐南街公交场站,7,15,云景东路,通州西门路口东,1,372,7,15,1
372路,日新路南口,怡乐南街公交场站,7,16,云景东路,通州北苑路口东,1,372,7,16,1
372路,日新路南口,怡乐南街公交场站,7,17,云景东路,通州北苑路口西,1,372,7,17,1
372路,日新路南口,怡乐南街公交场站,7,18,云景东路,通州杨庄北口,1,372,7,18,1
372路,日新路南口,怡乐南街公交场站,7,19,云景东路,新华联锦园,1,372,7,19,1
372路,日新路南口,怡乐南街公交场站,7,20,云景东路,新华联锦园南(临时站),1,372,7,20,1
372路,日新路南口,怡乐南街公交场站,7,21,云景东路,通州杨庄,1,372,7,21,1
372路,日新路南口,怡乐南街公交场站,7,22,云景东路,通州杨庄南口,1,372,7,22,1
372路,日新路南口,怡乐南街公交场站,7,23,云景东路,怡乐中路北口,1,372,7,23,1
372路,日新路南口,怡乐南街公交场站,7,24,云景东路,新华联家园西门,1,372,7,24,1
372路,日新路南口,怡乐南街公交场站,7,25,云景东路,北探小区,1,372,7,25,1
372路,日新路南口,怡乐南街公交场站,7,26,云景东路,通州半壁店,1,372,7,26,1
372路,日新路南口,怡乐南街公交场站,8,10,杨家洼路口南,九棵树,1,372,8,10,1
372路,日新路南口,怡乐南街公交场站,8,11,杨家洼路口南,果园北,1,372,8,11,1
372路,日新路南口,怡乐南街公交场站,8,12,杨家洼路口南,潞河医院,1,372,8,12,1
372路,日新路南口,怡乐南街公交场站,8,13,杨家洼路口南,通州佟麟阁大街,1,372,8,13,1
372路,日新路南口,怡乐南街公交场站,8,14,杨家洼路口南,西大街路口西,1,372,8,14,1
372路,日新路南口,怡乐南街公交场站,8,15,杨家洼路口南,通州西门路口东,1,372,8,15,1
372路,日新路南口,怡乐南街公交场站,8,16,杨家洼路口南,通州北苑路口东,1,372,8,16,1
372路,日新路南口,怡乐南街公交场站,8,17,杨家洼路口南,通州北苑路口西,1,372,8,17,1
372路,日新路南口,怡乐南街公交场站,8,18,杨家洼路口南,通州杨庄北口,1,372,8,18,1
372路,日新路南口,怡乐南街公交场站,8,19,杨家洼路口南,新华联锦园,1,372,8,19,1
372路,日新路南口,怡乐南街公交场站,8,20,杨家洼路口南,新华联锦园南(临时站),1,372,8,20,1
372路,日新路南口,怡乐南街公交场站,8,21,杨家洼路口南,通州杨庄,1,372,8,21,1
372路,日新路南口,怡乐南街公交场站,8,22,杨家洼路口南,通州杨庄南口,1,372,8,22,1
372路,日新路南口,怡乐南街公交场站,8,23,杨家洼路口南,怡乐中路北口,1,372,8,23,1
372路,日新路南口,怡乐南街公交场站,8,24,杨家洼路口南,新华联家园西门,1,372,8,24,1
372路,日新路南口,怡乐南街公交场站,8,25,杨家洼路口南,北探小区,1,372,8,25,1
372路,日新路南口,怡乐南街公交场站,8,26,杨家洼路口南,通州半壁店,1,372,8,26,1
372路,日新路南口,怡乐南街公交场站,9,11,杨家洼,果园北,1,372,9,11,1
372路,日新路南口,怡乐南街公交场站,9,12,杨家洼,潞河医院,1,372,9,12,1
372路,日新路南口,怡乐南街公交场站,9,13,杨家洼,通州佟麟阁大街,1,372,9,13,1
372路,日新路南口,怡乐南街公交场站,9,14,杨家洼,西大街路口西,1,372,9,14,1
372路,日新路南口,怡乐南街公交场站,9,15,杨家洼,通州西门路口东,1,372,9,15,1
372路,日新路南口,怡乐南街公交场站,9,16,杨家洼,通州北苑路口东,1,372,9,16,1
372路,日新路南口,怡乐南街公交场站,9,17,杨家洼,通州北苑路口西,1,372,9,17,1
372路,日新路南口,怡乐南街公交场站,9,18,杨家洼,通州杨庄北口,1,372,9,18,1
372路,日新路南口,怡乐南街公交场站,9,19,杨家洼,新华联锦园,1,372,9,19,1
372路,日新路南口,怡乐南街公交场站,9,20,杨家洼,新华联锦园南(临时站),1,372,9,20,1
372路,日新路南口,怡乐南街公交场站,9,21,杨家洼,通州杨庄,1,372,9,21,1
372路,日新路南口,怡乐南街公交场站,9,22,杨家洼,通州杨庄南口,1,372,9,22,1
372路,日新路南口,怡乐南街公交场站,9,23,杨家洼,怡乐中路北口,1,372,9,23,1
372路,日新路南口,怡乐南街公交场站,9,24,杨家洼,新华联家园西门,1,372,9,24,1
372路,日新路南口,怡乐南街公交场站,9,25,杨家洼,北探小区,1,372,9,25,1
372路,日新路南口,怡乐南街公交场站,9,26,杨家洼,通州半壁店,1,372,9,26,1
372路,日新路南口,怡乐南街公交场站,10,11,九棵树,果园北,1,372,10,11,1
372路,日新路南口,怡乐南街公交场站,10,12,九棵树,潞河医院,1,372,10,12,1
372路,日新路南口,怡乐南街公交场站,10,13,九棵树,通州佟麟阁大街,1,372,10,13,1
372路,日新路南口,怡乐南街公交场站,10,14,九棵树,西大街路口西,1,372,10,14,1
372路,日新路南口,怡乐南街公交场站,10,15,九棵树,通州西门路口东,1,372,10,15,1
372路,日新路南口,怡乐南街公交场站,10,16,九棵树,通州北苑路口东,1,372,10,16,1
372路,日新路南口,怡乐南街公交场站,10,17,九棵树,通州北苑路口西,1,372,10,17,1
372路,日新路南口,怡乐南街公交场站,10,18,九棵树,通州杨庄北口,1,372,10,18,1
372路,日新路南口,怡乐南街公交场站,10,19,九棵树,新华联锦园,1,372,10,19,1
372路,日新路南口,怡乐南街公交场站,10,20,九棵树,新华联锦园南(临时站),1,372,10,20,1
372路,日新路南口,怡乐南街公交场站,10,21,九棵树,通州杨庄,1,372,10,21,1
372路,日新路南口,怡乐南街公交场站,10,22,九棵树,通州杨庄南口,1,372,10,22,1
372路,日新路南口,怡乐南街公交场站,10,23,九棵树,怡乐中路北口,1,372,10,23,1
372路,日新路南口,怡乐南街公交场站,10,24,九棵树,新华联家园西门,1,372,10,24,1
372路,日新路南口,怡乐南街公交场站,10,25,九棵树,北探小区,1,372,10,25,1
372路,日新路南口,怡乐南街公交场站,10,26,九棵树,通州半壁店,1,372,10,26,1
372路,日新路南口,怡乐南街公交场站,11,18,果园北,通州杨庄北口,1,372,11,18,1
372路,日新路南口,怡乐南街公交场站,11,19,果园北,新华联锦园,1,372,11,19,1
372路,日新路南口,怡乐南街公交场站,11,20,果园北,新华联锦园南(临时站),1,372,11,20,1
372路,日新路南口,怡乐南街公交场站,11,21,果园北,通州杨庄,1,372,11,21,1
372路,日新路南口,怡乐南街公交场站,11,22,果园北,通州杨庄南口,1,372,11,22,1
372路,日新路南口,怡乐南街公交场站,11,23,果园北,怡乐中路北口,1,372,11,23,1
372路,日新路南口,怡乐南街公交场站,11,24,果园北,新华联家园西门,1,372,11,24,1
372路,日新路南口,怡乐南街公交场站,11,25,果园北,北探小区,1,372,11,25,1
372路,日新路南口,怡乐南街公交场站,11,26,果园北,通州半壁店,1,372,11,26,1
372路,日新路南口,怡乐南街公交场站,12,18,潞河医院,通州杨庄北口,1,372,12,18,1
372路,日新路南口,怡乐南街公交场站,12,19,潞河医院,新华联锦园,1,372,12,19,1
372路,日新路南口,怡乐南街公交场站,12,20,潞河医院,新华联锦园南(临时站),1,372,12,20,1
372路,日新路南口,怡乐南街公交场站,12,21,潞河医院,通州杨庄,1,372,12,21,1
372路,日新路南口,怡乐南街公交场站,12,22,潞河医院,通州杨庄南口,1,372,12,22,1
372路,日新路南口,怡乐南街公交场站,12,23,潞河医院,怡乐中路北口,1,372,12,23,1
372路,日新路南口,怡乐南街公交场站,12,24,潞河医院,新华联家园西门,1,372,12,24,1
372路,日新路南口,怡乐南街公交场站,12,25,潞河医院,北探小区,1,372,12,25,1
372路,日新路南口,怡乐南街公交场站,12,26,潞河医院,通州半壁店,1,372,12,26,1
372路,日新路南口,怡乐南街公交场站,13,18,通州佟麟阁大街,通州杨庄北口,1,372,13,18,1
372路,日新路南口,怡乐南街公交场站,13,19,通州佟麟阁大街,新华联锦园,1,372,13,19,1
372路,日新路南口,怡乐南街公交场站,13,20,通州佟麟阁大街,新华联锦园南(临时站),1,372,13,20,1
372路,日新路南口,怡乐南街公交场站,13,21,通州佟麟阁大街,通州杨庄,1,372,13,21,1
372路,日新路南口,怡乐南街公交场站,13,22,通州佟麟阁大街,通州杨庄南口,1,372,13,22,1
372路,日新路南口,怡乐南街公交场站,13,23,通州佟麟阁大街,怡乐中路北口,1,372,13,23,1
372路,日新路南口,怡乐南街公交场站,13,24,通州佟麟阁大街,新华联家园西门,1,372,13,24,1
372路,日新路南口,怡乐南街公交场站,13,25,通州佟麟阁大街,北探小区,1,372,13,25,1
372路,日新路南口,怡乐南街公交场站,13,26,通州佟麟阁大街,通州半壁店,1,372,13,26,1
372路,日新路南口,怡乐南街公交场站,14,18,西大街路口西,通州杨庄北口,1,372,14,18,1
372路,日新路南口,怡乐南街公交场站,14,19,西大街路口西,新华联锦园,1,372,14,19,1
372路,日新路南口,怡乐南街公交场站,14,20,西大街路口西,新华联锦园南(临时站),1,372,14,20,1
372路,日新路南口,怡乐南街公交场站,14,21,西大街路口西,通州杨庄,1,372,14,21,1
372路,日新路南口,怡乐南街公交场站,14,22,西大街路口西,通州杨庄南口,1,372,14,22,1
372路,日新路南口,怡乐南街公交场站,14,23,西大街路口西,怡乐中路北口,1,372,14,23,1
372路,日新路南口,怡乐南街公交场站,14,24,西大街路口西,新华联家园西门,1,372,14,24,1
372路,日新路南口,怡乐南街公交场站,14,25,西大街路口西,北探小区,1,372,14,25,1
372路,日新路南口,怡乐南街公交场站,14,26,西大街路口西,通州半壁店,1,372,14,26,1
372路,日新路南口,怡乐南街公交场站,15,18,通州西门路口东,通州杨庄北口,1,372,15,18,1
372路,日新路南口,怡乐南街公交场站,15,19,通州西门路口东,新华联锦园,1,372,15,19,1
372路,日新路南口,怡乐南街公交场站,15,20,通州西门路口东,新华联锦园南(临时站),1,372,15,20,1
372路,日新路南口,怡乐南街公交场站,15,21,通州西门路口东,通州杨庄,1,372,15,21,1
372路,日新路南口,怡乐南街公交场站,15,22,通州西门路口东,通州杨庄南口,1,372,15,22,1
372路,日新路南口,怡乐南街公交场站,15,23,通州西门路口东,怡乐中路北口,1,372,15,23,1
372路,日新路南口,怡乐南街公交场站,15,24,通州西门路口东,新华联家园西门,1,372,15,24,1
372路,日新路南口,怡乐南街公交场站,15,25,通州西门路口东,北探小区,1,372,15,25,1
372路,日新路南口,怡乐南街公交场站,15,26,通州西门路口东,通州半壁店,1,372,15,26,1
372路,日新路南口,怡乐南街公交场站,16,18,通州北苑路口东,通州杨庄北口,1,372,16,18,1
372路,日新路南口,怡乐南街公交场站,16,19,通州北苑路口东,新华联锦园,1,372,16,19,1
372路,日新路南口,怡乐南街公交场站,16,20,通州北苑路口东,新华联锦园南(临时站),1,372,16,20,1
372路,日新路南口,怡乐南街公交场站,16,21,通州北苑路口东,通州杨庄,1,372,16,21,1
372路,日新路南口,怡乐南街公交场站,16,22,通州北苑路口东,通州杨庄南口,1,372,16,22,1
372路,日新路南口,怡乐南街公交场站,16,23,通州北苑路口东,怡乐中路北口,1,372,16,23,1
372路,日新路南口,怡乐南街公交场站,16,24,通州北苑路口东,新华联家园西门,1,372,16,24,1
372路,日新路南口,怡乐南街公交场站,16,25,通州北苑路口东,北探小区,1,372,16,25,1
372路,日新路南口,怡乐南街公交场站,16,26,通州北苑路口东,通州半壁店,1,372,16,26,1
372路,日新路南口,怡乐南街公交场站,17,18,通州北苑路口西,通州杨庄北口,1,372,17,18,1
372路,日新路南口,怡乐南街公交场站,17,19,通州北苑路口西,新华联锦园,1,372,17,19,1
372路,日新路南口,怡乐南街公交场站,17,20,通州北苑路口西,新华联锦园南(临时站),1,372,17,20,1
372路,日新路南口,怡乐南街公交场站,17,21,通州北苑路口西,通州杨庄,1,372,17,21,1
372路,日新路南口,怡乐南街公交场站,17,22,通州北苑路口西,通州杨庄南口,1,372,17,22,1
372路,日新路南口,怡乐南街公交场站,17,23,通州北苑路口西,怡乐中路北口,1,372,17,23,1
372路,日新路南口,怡乐南街公交场站,17,24,通州北苑路口西,新华联家园西门,1,372,17,24,1
372路,日新路南口,怡乐南街公交场站,17,25,通州北苑路口西,北探小区,1,372,17,25,1
372路,日新路南口,怡乐南街公交场站,17,26,通州北苑路口西,通州半壁店,1,372,17,26,1
372路,日新路南口,怡乐南街公交场站,18,20,通州杨庄北口,新华联锦园南(临时站),1,372,18,20,1
372路,日新路南口,怡乐南街公交场站,18,21,通州杨庄北口,通州杨庄,1,372,18,21,1
372路,日新路南口,怡乐南街公交场站,18,22,通州杨庄北口,通州杨庄南口,1,372,18,22,1
372路,日新路南口,怡乐南街公交场站,18,23,通州杨庄北口,怡乐中路北口,1,372,18,23,1
372路,日新路南口,怡乐南街公交场站,18,24,通州杨庄北口,新华联家园西门,1,372,18,24,1
372路,日新路南口,怡乐南街公交场站,18,25,通州杨庄北口,北探小区,1,372,18,25,1
372路,日新路南口,怡乐南街公交场站,18,26,通州杨庄北口,通州半壁店,1,372,18,26,1
372路,日新路南口,怡乐南街公交场站,19,20,新华联锦园,新华联锦园南(临时站),1,372,19,20,1
372路,日新路南口,怡乐南街公交场站,19,21,新华联锦园,通州杨庄,1,372,19,21,1
372路,日新路南口,怡乐南街公交场站,19,22,新华联锦园,通州杨庄南口,1,372,19,22,1
372路,日新路南口,怡乐南街公交场站,19,23,新华联锦园,怡乐中路北口,1,372,19,23,1
372路,日新路南口,怡乐南街公交场站,19,24,新华联锦园,新华联家园西门,1,372,19,24,1
372路,日新路南口,怡乐南街公交场站,19,25,新华联锦园,北探小区,1,372,19,25,1
372路,日新路南口,怡乐南街公交场站,19,26,新华联锦园,通州半壁店,1,372,19,26,1
372路,日新路南口,怡乐南街公交场站,20,21,新华联锦园南(临时站),通州杨庄,1,372,20,21,1
372路,日新路南口,怡乐南街公交场站,20,22,新华联锦园南(临时站),通州杨庄南口,1,372,20,22,1
372路,日新路南口,怡乐南街公交场站,20,23,新华联锦园南(临时站),怡乐中路北口,1,372,20,23,1
372路,日新路南口,怡乐南街公交场站,20,24,新华联锦园南(临时站),新华联家园西门,1,372,20,24,1
372路,日新路南口,怡乐南街公交场站,20,25,新华联锦园南(临时站),北探小区,1,372,20,25,1
372路,日新路南口,怡乐南街公交场站,20,26,新华联锦园南(临时站),通州半壁店,1,372,20,26,1
372路,日新路南口,怡乐南街公交场站,21,26,通州杨庄,通州半壁店,1,372,21,26,1
372路,日新路南口,怡乐南街公交场站,22,26,通州杨庄南口,通州半壁店,1,372,22,26,1
372路,日新路南口,怡乐南街公交场站,23,26,怡乐中路北口,通州半壁店,1,372,23,26,1
372路,日新路南口,怡乐南街公交场站,24,26,新华联家园西门,通州半壁店,1,372,24,26,1
